Experiment,Brood,Tank,Treatment,Date,Age,Behaviors,Bites,Chases,Extended,LateralDisplays,Notes
WT,1,1,WT,2/20/2023,14,1,0,1,,0,0
WT,1,2,WT,2/20/2023,14,0,0,0,,0,0
WT,1,1,WT,2/22/2023,16,1,0,1,,0,0
WT,1,2,WT,2/22/2023,16,0,0,0,,0,0
WT,1,1,WT,2/27/2023,21,148,0,148,,0,0
WT,1,2,WT,2/27/2023,21,59,0,59,,0,0
WT,1,1,WT,3/1/2023,23,25,2,20,,3,0
WT,1,2,WT,3/1/2023,23,71,0,71,,0,0
WT,1,1,WT,3/6/2023,27,228,0,228,,0,0
WT,1,2,WT,3/6/2023,27,57,0,54,,3,0
WT,1,1,WT,3/8/2022,29,127,0,121,,6,0
WT,1,2,WT,3/8/2022,29,34,0,32,,2,0
WT,3,1,WT,3/18/2023,13,1,1,0,0,0,0
WT,3,2,WT,3/18/2023,13,0,0,0,0,0,0
WT,3,1,WT,3/20/2023,15,0,0,0,0,0,0
WT,3,2,WT,3/20/2023,15,1,0,1,0,0,0
WT,3,1,WT,3/22/2023,17,2,0,0,0,2,0
WT,3,2,WT,3/22/2023,17,12,2,9,0,1,0
WT,3,1,WT,3/25/2023,20,2,2,0,0,0,0
WT,3,2,WT,3/25/2023,20,2,0,2,0,0,0
WT,3,1,WT,3/27/2023,22,19,1,15,0,3,0
WT,3,2,WT,3/27/2023,22,163,0,159,0,4,0
WT,3,1,WT,3/29/2023,24,18,0,17,0,1,0
WT,3,2,WT,3/29/2023,24,98,0,96,1,2,0
WT,3,1,WT,4/3/2023,26,143,0,138,2,5,0
WT,3,2,WT,4/3/2023,26,163,0,159,6,4,0
WT,3,1,WT,4/5/2023,28,246,0,245,9,1,0
WT,3,2,WT,4/5/2023,28,237,0,237,3,0,0
WT,3,1,WT,4/8/2023,30,188,0,185,6,3,0
WT,3,2,WT,4/8/2023,30,82,0,81,6,1,0
WT,4,1,WT,3/22/2023,12,0,0,0,0,0,0
WT,4,2,WT,3/22/2023,12,0,0,0,0,0,0
WT,4,1,WT,3/25/2023,15,2,0,2,0,0,0
WT,4,2,WT,3/25/2023,15,3,1,2,0,0,0
WT,4,1,WT,3/27/2023,17,88,0,86,4,2,0
WT,4,2,WT,3/27/2023,17,57,0,56,0,1,0
WT,4,1,WT,3/29/2023,19,1,0,0,0,1,0
WT,4,2,WT,3/29/2023,19,1,0,0,0,1,0
WT,4,1,WT,4/1/2023,22,82,0,81,0,1,0
WT,4,2,WT,4/1/2023,22,96,0,93,1,3,0
WT,4,1,WT,4/3/2023,24,114,0,113,4,1,0
WT,4,2,WT,4/3/2023,24,50,1,47,1,2,0
WT,4,1,WT,4/5/2023,26,307,0,305,8,2,0
WT,4,2,WT,4/5/2023,26,183,0,181,1,2,0
WT,4,1,WT,4/8/2023,28,334,0,333,0,1,0
WT,4,2,WT,4/8/2023,28,75,0,73,0,2,0
WT,4,1,WT,4/10/2023,30,142,0,135,11,7,0
WT,4,2,WT,4/10/2023,30,260,0,254,6,6,0
WT,4,1,WT,4/12/2023,32,38,0,32,4,6,0
WT,4,2,WT,4/12/2023,32,391,0,389,6,2,0
WT,5,1,WT,5/13/2023,9,0,0,0,0,0,0
WT,5,2,WT,5/13/2023,9,0,0,0,0,0,0
WT,5,1,WT,5/15/2023,11,0,0,0,0,0,0
WT,5,2,WT,5/15/2023,11,1,0,1,0,0,0
WT,5,1,WT,5/17/2023,13,0,0,0,0,0,0
WT,5,2,WT,5/17/2023,13,15,1,13,1,1,0
WT,5,1,WT,5/20/2023,16,8,1,7,0,0,0
WT,5,2,WT,5/20/2023,16,21,0,17,0,4,0
WT,5,1,WT,5/22/2023,18,39,0,38,1,1,0
WT,5,2,WT,5/22/2023,18,53,1,51,3,1,0
WT,5,1,WT,5/24/2023,20,8,0,7,0,1,0
WT,5,2,WT,5/24/2023,20,59,1,58,0,0,0
WT,5,1,WT,5/27/2023,23,13,0,12,0,1,0
WT,5,2,WT,5/27/2023,23,14,2,9,0,3,0
WT,5,1,WT,5/29/2023,25,198,0,193,2,5,0
WT,5,2,WT,5/29/2023,25,65,1,57,2,6,1
SexSteroid,2,3,EE,8/4/2023,22,30,0,29,0,1,
SexSteroid,2,3,EE,8/6/2023,24,85,0,82,1,2,
SexSteroid,2,3,EE,8/12/2023,30,191,0,185,2,4,
SexSteroid,3,1,EE,12/13/2023,15,3,2,1,0,0,
SexSteroid,3,4,DMSO,12/13/2023,15,0,0,0,0,0,
SexSteroid,3,1,EE,12/15/2023,17,0,0,0,0,0,
SexSteroid,3,2,EE,12/15/2023,17,2,1,1,0,0,
SexSteroid,3,3,KT,12/15/2023,17,1,0,1,0,0,
SexSteroid,3,4,DMSO,12/15/2023,17,7,0,7,0,0,
SexSteroid,3,7,EE,12/15/2023,17,0,0,0,0,0,
SexSteroid,3,8,DMSO,12/15/2023,17,2,0,2,0,0,
SexSteroid,3,2,EE,12/18/2023,20,48,1,45,2,0,
SexSteroid,3,3,KT,12/18/2023,20,34,0,30,4,0,
SexSteroid,3,4,DMSO,12/18/2023,20,76,0,72,3,1,
SexSteroid,3,5,KT,12/18/2023,20,47,0,45,0,2,
SexSteroid,3,6,KT,12/18/2023,20,59,0,51,1,7,
SexSteroid,3,7,EE,12/18/2023,20,81,0,76,0,6,
SexSteroid,3,8,DMSO,12/18/2023,20,13,2,10,0,1,
SexSteroid,3,2,EE,12/22/2023,24,86,0,79,4,3,
SexSteroid,3,3,KT,12/22/2023,24,50,0,45,4,1,
SexSteroid,3,4,DMSO,12/22/2023,24,89,0,85,0,4,
SexSteroid,3,3,KT,12/25/2023,27,0,0,0,0,0,
SexSteroid,3,4,DMSO,12/25/2023,27,20,0,13,1,6,
SexSteroid,3,3,KT,12/29/2023,31,169,0,165,1,3,
SexSteroid,3,4,DMSO,12/29/2023,31,120,1,114,0,5,
SexSteroid,4,1,KT,1/19/2024,15,0,0,0,0,0,
SexSteroid,4,2,DMSO,1/19/2024,15,1,0,1,0,0,
SexSteroid,4,3,EE,1/19/2024,15,0,0,0,0,0,
SexSteroid,4,4,DMSO,1/19/2024,15,0,0,0,0,0,
SexSteroid,4,8,KT,1/19/2024,15,0,0,0,0,0,
SexSteroid,4,1,KT,1/21/2024,17,4,0,4,0,0,
SexSteroid,4,2,DMSO,1/21/2024,17,1,0,1,0,0,
SexSteroid,4,3,EE,1/21/2024,17,1,0,1,0,0,
SexSteroid,4,4,DMSO,1/21/2024,17,2,0,1,0,1,
SexSteroid,4,5,KT,1/21/2024,17,0,0,0,0,0,
SexSteroid,4,8,KT,1/21/2024,17,0,0,0,0,0,
SexSteroid,4,1,KT,1/24/2024,20,169,1,165,1,2,
SexSteroid,4,2,DMSO,1/24/2024,20,136,2,133,0,1,
SexSteroid,4,3,EE,1/24/2024,20,147,0,145,2,0,
SexSteroid,4,8,KT,1/24/2024,20,32,0,32,0,0,
SexSteroid,4,1,KT,1/26/2024,22,28,2,26,0,0,
SexSteroid,4,2,DMSO,1/26/2024,22,95,0,90,2,3,
SexSteroid,4,3,EE,1/26/2024,22,44,0,42,1,1,
SexSteroid,4,4,DMSO,1/26/2024,22,9,1,8,0,0,
SexSteroid,4,8,KT,1/26/2024,22,93,0,93,0,0,
SexSteroid,4,1,KT,1/28/2024,24,17,0,17,0,0,
SexSteroid,4,2,DMSO,1/28/2024,24,24,2,20,0,2,
SexSteroid,4,3,EE,1/28/2024,24,174,0,168,6,0,
SexSteroid,4,8,KT,1/28/2024,24,115,0,111,0,4,
SexSteroid,4,1,KT,1/31/2024,27,8,0,7,0,1,
SexSteroid,4,2,DMSO,1/31/2024,27,7,0,5,0,2,
SexSteroid,4,3,EE,1/31/2024,27,169,0,162,7,0,
SexSteroid,4,4,DMSO,1/31/2024,27,10,1,8,0,1,
SexSteroid,4,8,KT,1/31/2024,27,323,0,307,11,5,
SexSteroid,4,1,KT,2/3/2024,30,224,2,213,2,7,
SexSteroid,4,2,DMSO,2/3/2024,30,130,1,124,0,5,
SexSteroid,4,3,EE,2/3/2024,30,197,0,185,7,5,
SexSteroid,4,4,DMSO,2/3/2024,30,103,1,85,2,14,
SexSteroid,4,8,KT,2/3/2024,30,225,0,213,2,10,
SexSteroid,5,4,DMSO,4/24/2024,15,1,1,0,0,0,
SexSteroid,5,5,EE,4/24/2024,15,0,0,0,0,0,
SexSteroid,5,6,KT,4/24/2024,15,0,0,0,0,0,
SexSteroid,5,2,DMSO,4/26/2024,17,39,0,39,0,0,
SexSteroid,5,4,DMSO,4/26/2024,17,0,0,0,0,0,
SexSteroid,5,5,EE,4/26/2024,17,0,0,0,0,0,
SexSteroid,5,6,KT,4/26/2024,17,0,0,0,0,0,
SexSteroid,5,2,DMSO,4/29/2024,20,12,0,10,0,2,
SexSteroid,5,4,DMSO,4/29/2024,20,0,0,0,0,0,
SexSteroid,5,5,EE,4/29/2024,20,1,0,1,0,0,
SexSteroid,5,2,DMSO,5/1/2024,22,17,0,15,0,2,
SexSteroid,5,4,DMSO,5/1/2024,22,36,0,35,0,1,
SexSteroid,5,5,EE,5/1/2024,22,11,0,11,0,0,
SexSteroid,5,6,KT,5/1/2024,22,4,1,2,1,1,
SexSteroid,5,4,DMSO,5/3/2024,24,13,2,11,0,0,
SexSteroid,5,5,EE,5/3/2024,24,37,0,35,0,2,
SexSteroid,5,6,KT,5/3/2024,24,123,0,119,1,4,
SexSteroid,5,2,DMSO,5/6/2024,27,1,0,1,0,0,
SexSteroid,5,4,DMSO,5/6/2024,27,68,1,67,0,0,FILMED 2X SPEED
SexSteroid,5,5,EE,5/6/2024,27,0,0,0,0,0,
SexSteroid,5,6,KT,5/6/2024,27,3,0,3,0,0,
SexSteroid,5,2,DMSO,5/9/2024,30,109,0,105,0,4,
SexSteroid,5,4,DMSO,5/9/2024,30,19,0,18,0,1,FILMED 2X SPEED
SexSteroid,5,5,EE,5/9/2024,30,5,0,4,0,1,
SexSteroid,5,6,KT,5/9/2024,30,117,2,113,1,2,VIDEO PARTIALLY OBSTRUCTED
SexSteroid,6,1,EE,5/17/2024,15,0,0,0,0,0,
SexSteroid,6,2,KT,5/17/2024,15,0,0,0,0,0,
SexSteroid,6,3,EE,5/17/2024,15,2,1,1,0,0,
SexSteroid,6,4,DMSO,5/17/2024,15,0,0,0,0,0,
SexSteroid,6,1,EE,5/19/2024,17,15,1,14,0,0,
SexSteroid,6,2,KT,5/19/2024,17,0,0,0,0,0,
SexSteroid,6,3,EE,5/19/2024,17,1,0,1,0,0,
SexSteroid,6,4,DMSO,5/19/2024,17,0,0,0,0,0,
SexSteroid,6,1,EE,5/22/2024,20,19,0,18,0,1,
SexSteroid,6,2,KT,5/22/2024,20,12,0,11,0,1,
SexSteroid,6,3,EE,5/22/2024,20,3,0,2,0,1,
SexSteroid,6,4,DMSO,5/22/2024,20,4,0,3,0,1,
SexSteroid,6,1,EE,5/24/2024,22,3,0,3,0,0,
SexSteroid,6,2,KT,5/24/2024,22,1,1,0,0,0,
SexSteroid,6,3,EE,5/24/2024,22,3,0,2,0,1,
SexSteroid,6,4,DMSO,5/24/2024,22,2,0,0,0,2,
SexSteroid,6,1,EE,5/26/2024,24,4,0,4,0,0,
SexSteroid,6,2,KT,5/26/2024,24,2,0,2,0,0,
SexSteroid,6,3,EE,5/26/2024,24,0,0,0,0,0,
SexSteroid,6,4,DMSO,5/26/2024,24,2,0,1,0,1,
SexSteroid,6,1,EE,5/29/2024,27,118,2,114,0,2,
SexSteroid,6,2,KT,5/29/2024,27,228,0,218,1,10,
SexSteroid,6,3,EE,5/29/2024,27,84,0,80,0,4,
SexSteroid,6,4,DMSO,5/29/2024,27,248,0,238,0,10,
SexSteroid,6,1,EE,6/1/2024,30,96,1,91,1,4,
SexSteroid,6,2,KT,6/1/2024,30,203,0,201,0,2,
SexSteroid,7,1,EE,5/31/2024,15,3,1,2,0,0,
SexSteroid,7,2,KT,5/31/2024,15,1,1,0,0,0,
SexSteroid,7,3,EE,5/31/2024,15,,,,,,
SexSteroid,7,4,KT,5/31/2024,15,0,0,0,0,0,
SexSteroid,7,5,DMSO,5/31/2024,15,1,0,1,0,0,
SexSteroid,7,6,EE,5/31/2024,15,2,1,1,0,0,
SexSteroid,7,1,EE,6/2/2024,17,2,1,1,0,0,
SexSteroid,7,2,KT,6/2/2024,17,1,0,1,0,0,
SexSteroid,7,3,EE,6/2/2024,17,22,1,21,0,0,
SexSteroid,7,4,KT,6/2/2024,17,1,0,1,0,0,
SexSteroid,7,5,DMSO,6/2/2024,17,0,0,0,0,0,
SexSteroid,7,6,EE,6/2/2024,17,55,2,53,8,0,
SexSteroid,7,1,EE,6/5/2024,20,,,,,,
SexSteroid,7,2,KT,6/5/2024,20,50,0,49,5,1,
SexSteroid,7,3,EE,6/5/2024,20,27,0,26,1,1,
SexSteroid,7,4,KT,6/5/2024,20,41,0,41,0,0,
SexSteroid,7,5,DMSO,6/5/2024,20,117,0,116,0,1,
SexSteroid,7,6,EE,6/5/2024,20,171,2,168,3,1,
SexSteroid,7,1,EE,6/7/2024,22,,,,,,
SexSteroid,7,2,KT,6/7/2024,22,160,0,158,1,2,
SexSteroid,7,3,EE,6/7/2024,22,217,0,214,1,3,
SexSteroid,7,4,KT,6/7/2024,22,68,0,66,0,2,
SexSteroid,7,5,DMSO,6/7/2024,22,211,0,208,0,4,
SexSteroid,7,6,EE,6/7/2024,22,263,2,259,17,2,
SexSteroid,7,1,EE,6/9/2024,24,,,,,,
SexSteroid,7,2,KT,6/9/2024,24,73,0,71,0,2,
SexSteroid,7,3,EE,6/9/2024,24,7,2,5,0,0,
SexSteroid,7,4,KT,6/9/2024,24,143,0,143,1,0,
SexSteroid,7,5,DMSO,6/9/2024,24,1,0,1,0,0,
SexSteroid,7,6,EE,6/9/2024,24,10,0,10,0,0,
SexSteroid,7,1,EE,6/12/2024,27,21,0,21,0,0,
SexSteroid,7,2,KT,6/12/2024,27,21,0,21,0,0,
SexSteroid,7,3,EE,6/12/2024,27,80,0,78,0,2,
SexSteroid,7,4,KT,6/12/2024,27,161,0,161,6,0,
SexSteroid,7,5,DMSO,6/12/2024,27,,,,,,
SexSteroid,7,6,EE,6/12/2024,27,10,0,8,0,2,
SexSteroid,7,1,EE,6/15/2024,30,116,1,114,1,1,
SexSteroid,7,2,KT,6/15/2024,30,74,0,73,0,1,
SexSteroid,7,3,EE,6/15/2024,30,124,0,122,0,2,
SexSteroid,7,4,KT,6/15/2024,30,29,1,26,0,2,
SexSteroid,7,5,DMSO,6/15/2024,30,,,,,,
SexSteroid,7,6,EE,6/15/2024,30,96,0,94,0,2,
TH,1,1,NaOH,6/20/2024,15,1,,,,,
TH,1,2,Thyroxine,6/20/2024,15,1,,,,,
TH,1,3,NaOH,6/20/2024,15,2,,,,,
TH,1,4,Thiourea,6/20/2024,15,0,,,,,
TH,1,5,Thyroxine,6/20/2024,15,2,,,,,
TH,1,6,Thiourea,6/20/2024,15,0,,,,,
TH,1,7,Thyroxine,6/20/2024,15,1,,,,,
TH,1,8,Thiourea,6/20/2024,15,1,,,,,
TH,1,1,NaOH,6/22/2024,17,3,,,,,
TH,1,2,Thyroxine,6/22/2024,17,6,,,,,
TH,1,3,NaOH,6/22/2024,17,0,,,,,
TH,1,4,Thiourea,6/22/2024,17,1,,,,,
TH,1,5,Thyroxine,6/22/2024,17,7,,,,,
TH,1,6,Thiourea,6/22/2024,17,2,,,,,
TH,1,7,Thyroxine,6/22/2024,17,0,,,,,
TH,1,8,Thiourea,6/22/2024,17,4,,,,,
TH,1,1,NaOH,6/25/2024,20,1,,,,,
TH,1,2,Thyroxine,6/25/2024,20,3,,,,,
TH,1,3,NaOH,6/25/2024,20,1,,,,,
TH,1,4,Thiourea,6/25/2024,20,0,,,,,
TH,1,5,Thyroxine,6/25/2024,20,14,,,,,
TH,1,6,Thiourea,6/25/2024,20,0,,,,,
TH,1,7,Thyroxine,6/25/2024,20,19,,,,,
TH,1,8,Thiourea,6/25/2024,20,2,,,,,
TH,1,1,NaOH,6/27/2024,22,19,,,,,
TH,1,2,Thyroxine,6/27/2024,22,0,,,,,
TH,1,3,NaOH,6/27/2024,22,0,,,,,
TH,1,4,Thiourea,6/27/2024,22,2,,,,,
TH,1,5,Thyroxine,6/27/2024,22,15,,,,,
TH,1,6,Thiourea,6/27/2024,22,2,,,,,
TH,1,7,Thyroxine,6/27/2024,22,,,,,,NO VIDEO
TH,1,8,Thiourea,6/27/2024,22,,,,,,NO VIDEO
TH,1,1,NaOH,6/29/2024,24,45,,,,,DISTURBANCE IN VID
TH,1,2,Thyroxine,6/29/2024,24,25,,,,,DISTURBANCE IN VID
TH,1,3,NaOH,6/29/2024,24,84,,,,,DISTURBANCE IN VID
TH,1,4,Thiourea,6/29/2024,24,89,,,,,DISTURBANCE IN VID
TH,1,5,Thyroxine,6/29/2024,24,,,,,,NO VIDEO
TH,1,6,Thiourea,6/29/2024,24,,,,,,NO VIDEO
TH,1,7,Thyroxine,6/29/2024,24,38,,,,,DISTURBANCE IN VID
TH,1,8,Thiourea,6/29/2024,24,119,,,,,DISTURBANCE IN VID
TH,1,1,NaOH,7/2/2024,27,202,,,,,
TH,1,2,Thyroxine,7/2/2024,27,85,,,,,
TH,1,3,NaOH,7/2/2024,27,93,,,,,
TH,1,4,Thiourea,7/2/2024,27,171,,,,,
TH,1,5,Thyroxine,7/2/2024,27,334,,,,,
TH,1,6,Thiourea,7/2/2024,27,162,,,,,
TH,1,7,Thyroxine,7/2/2024,27,,,,,,Fish died
TH,1,8,Thiourea,7/2/2024,27,198,,,,,
TH,1,1,NaOH,7/5/2024,30,263,,,,,
TH,1,2,Thyroxine,7/5/2024,30,101,,,,,
TH,1,3,NaOH,7/5/2024,30,344,,,,,
TH,1,4,Thiourea,7/5/2024,30,218,,,,,
TH,1,5,Thyroxine,7/5/2024,30,234,,,,,
TH,1,6,Thiourea,7/5/2024,30,148,,,,,
TH,1,7,Thyroxine,7/5/2024,30,,,,,,Fish died
TH,1,8,Thiourea,7/5/2024,30,194,,,,,
TH,2,1,Thiourea,8/20/2024,15,5,,,,,
TH,2,2,NaOH,8/20/2024,15,0,,,,,
TH,2,3,Thyroxine,8/20/2024,15,0,,,,,
TH,2,4,NaOH,8/20/2024,15,17,,,,,
TH,2,5,Thyroxine,8/20/2024,15,4,,,,,
TH,2,6,Thiourea,8/20/2024,15,1,,,,,
TH,2,7,Thyroxine,8/20/2024,15,2,,,,,
TH,2,8,Thiourea,8/20/2024,15,5,,,,,
TH,2,1,Thiourea,8/22/2024,17,50,,,,,
TH,2,2,NaOH,8/22/2024,17,7,,,,,
TH,2,3,Thyroxine,8/22/2024,17,6,,,,,
TH,2,4,NaOH,8/22/2024,17,1,,,,,
TH,2,5,Thyroxine,8/22/2024,17,3,,,,,
TH,2,6,Thiourea,8/22/2024,17,3,,,,,
TH,2,7,Thyroxine,8/22/2024,17,4,,,,,
TH,2,8,Thiourea,8/22/2024,17,0,,,,,
TH,2,1,Thiourea,8/25/2024,20,0,,,,,
TH,2,2,NaOH,8/25/2024,20,1,,,,,
TH,2,3,Thyroxine,8/25/2024,20,,,,,,FISH UNDER BARRIERS
TH,2,4,NaOH,8/25/2024,20,0,,,,,
TH,2,5,Thyroxine,8/25/2024,20,0,,,,,
TH,2,6,Thiourea,8/25/2024,20,0,,,,,
TH,2,7,Thyroxine,8/25/2024,20,0,,,,,
TH,2,8,Thiourea,8/25/2024,20,2,,,,,
TH,2,1,Thiourea,8/27/2024,22,114,,,,,
TH,2,2,NaOH,8/27/2024,22,138,,,,,
TH,2,3,Thyroxine,8/27/2024,22,174,,,,,
TH,2,4,NaOH,8/27/2024,22,184,,,,,
TH,2,5,Thyroxine,8/27/2024,22,80,,,,,
TH,2,6,Thiourea,8/27/2024,22,58,,,,,
TH,2,7,Thyroxine,8/27/2024,22,128,,,,,
TH,2,8,Thiourea,8/27/2024,22,67,,,,,
TH,2,1,Thiourea,8/29/2024,24,3,,,,,
TH,2,2,NaOH,8/29/2024,24,1,,,,,
TH,2,3,Thyroxine,8/29/2024,24,8,,,,,
TH,2,4,NaOH,8/29/2024,24,42,,,,,
TH,2,5,Thyroxine,8/29/2024,24,1,,,,,
TH,2,6,Thiourea,8/29/2024,24,2,,,,,
TH,2,7,Thyroxine,8/29/2024,24,0,,,,,
TH,2,8,Thiourea,8/29/2024,24,1,,,,,
TH,2,1,Thiourea,9/2/2024,27,12,,,,,
TH,2,2,NaOH,9/2/2024,27,208,,,,,
TH,2,3,Thyroxine,9/2/2024,27,,,,,,DED FISH
TH,2,4,NaOH,9/2/2024,27,106,,,,,
TH,2,5,Thyroxine,9/2/2024,27,,,,,,DED FISH
TH,2,6,Thiourea,9/2/2024,27,24,,,,,FISH ACTIVELY DYING
TH,2,7,Thyroxine,9/2/2024,27,114,,,,,
TH,2,8,Thiourea,9/2/2024,27,3,,,,,
TH,2,1,Thiourea,9/5/2024,30,13,,,,,
TH,2,2,NaOH,9/5/2024,30,19,,,,,
TH,2,3,Thyroxine,9/5/2024,30,,,,,,DED FISH
TH,2,4,NaOH,9/5/2024,30,56,,,,,
TH,2,5,Thyroxine,9/5/2024,30,,,,,,DED FISH
TH,2,6,Thiourea,9/5/2024,30,5,,,,,
TH,2,7,Thyroxine,9/5/2024,30,,,,,,DED FISH
TH,2,8,Thiourea,9/5/2024,30,2,,,,,
Lighting,1,1,Light,7/23/2024,17,1,1,0,0,0,
Lighting,1,1,Light,7/27/2024,21,4,1,0,0,3,
Lighting,1,1,Light,8/1/2024,26,13,12,1,0,0,
Lighting,1,1,Light,8/5/2024,30,119,21,90,4,4,
Lighting,1,2,Light,7/23/2024,17,0,0,0,0,0,
Lighting,1,2,Light,7/27/2024,21,204,6,131,49,18,
Lighting,1,2,Light,8/1/2024,26,73,14,44,1,14,
Lighting,1,2,Light,8/5/2024,30,133,14,100,6,13,
Lighting,1,3,Dark,7/24/2024,18,0,0,0,0,0,
Lighting,1,3,Dark,7/28/2024,22,0,0,0,0,0,
Lighting,1,3,Dark,7/31/2024,25,12,8,4,0,0,
Lighting,1,3,Dark,8/4/2024,29,41,22,15,0,4,
Lighting,1,4,Dark,7/24/2024,18,0,0,0,0,0,
Lighting,1,4,Dark,7/28/2024,22,1,0,1,0,0,
Lighting,1,4,Dark,7/31/2024,25,8,5,3,0,0,
Lighting,1,4,Dark,8/4/2024,29,32,21,9,0,2,
Lighting,2,5,Light,7/26/2024,18,3,0,3,0,0,
Lighting,2,5,Light,7/29/2024,21,0,0,0,0,0,
Lighting,2,5,Light,8/2/2024,25,6,1,3,0,2,
Lighting,2,5,Light,8/7/2024,30,6,3,3,0,0,
Lighting,2,6,Light,7/26/2024,18,3,0,3,0,0,
Lighting,2,6,Light,7/29/2024,21,0,0,0,0,0,
Lighting,2,6,Light,8/2/2024,25,9,3,5,0,1,
Lighting,2,6,Light,8/7/2024,30,33,10,19,0,4,
Lighting,2,7,Dark,7/25/2024,17,0,0,0,0,0,
Lighting,2,7,Dark,7/30/2024,22,1,0,1,0,0,
Lighting,2,7,Dark,8/3/2024,26,31,21,10,0,0,
Lighting,2,7,Dark,8/6/2024,29,15,13,2,0,0,
Lighting,2,8,Dark,7/25/2024,17,0,0,0,0,0,
Lighting,2,8,Dark,7/30/2024,22,2,1,1,0,0,
Lighting,2,8,Dark,8/3/2024,26,10,8,1,0,1,
Lighting,2,8,Dark,8/6/2024,29,13,9,4,0,0,
Lighting,3,9,Dark,,17,0,0,0,0,0,
Lighting,3,9,Dark,,21,0,0,0,0,0,
Lighting,3,9,Dark,,25,2,1,1,0,0,
Lighting,3,10,Dark,,17,0,0,0,0,0,
Lighting,3,10,Dark,,21,8,6,2,0,0,
Lighting,3,10,Dark,,25,0,0,0,0,0,
Lighting,3,11,Light,,18,0,0,0,0,0,
Lighting,3,11,Light,,22,21,2,8,3,8,
Lighting,3,11,Light,,26,23,3,15,1,4,
Lighting,3,12,Light,,18,0,0,0,0,0,
Lighting,3,12,Light,,22,99,8,78,7,6,
Lighting,3,12,Light,,26,122,15,92,2,13,
CNG,1,1,CNG +/+,3/30/2024,20,0,0,0,0,0,
CNG,1,1,CNG +/+,4/1/2024,22,0,0,0,0,0,
CNG,1,1,CNG +/+,4/3/2024,24,44,5,39,1,0,
CNG,1,1,CNG +/+,4/4/2024,25,1,0,1,0,0,
CNG,1,1,CNG +/+,4/6/2024,27,37,0,36,1,1,
CNG,1,1,CNG +/+,4/11/2024,30,87,0,82,0,5,
CNG,3,1,CNG +/+,4/18/2024,14,0,0,0,0,0,
CNG,3,1,CNG +/+,4/20/2024,16,0,0,0,0,0,
CNG,3,1,CNG +/+,4/22/2024,18,0,0,0,0,0,
CNG,3,1,CNG +/+,4/24/2024,20,0,0,0,0,0,
CNG,3,1,CNG +/+,4/26/2024,22,1,,,,,
CNG,3,1,CNG +/+,4/29/2024,25,0,0,0,0,0,
CNG,3,1,CNG +/+,5/1/2024,27,16,,,,,
CNG,3,1,CNG +/+,5/6/2024,30,7,,,,,
CNG,4,4,CNG +/+,4/18/2024,14,0,0,0,0,0,
CNG,4,4,CNG +/+,4/20/2024,16,0,0,0,0,0,
CNG,4,4,CNG +/+,4/22/2024,18,0,0,0,0,0,
CNG,4,4,CNG +/+,4/24/2024,20,0,0,0,0,0,
CNG,4,4,CNG +/+,4/26/2024,22,8,,,,,
CNG,4,4,CNG +/+,4/29/2024,25,4,,,,,
CNG,4,4,CNG +/+,5/1/2024,27,10,,,,,
CNG,5,1,CNG +/+,9/8/2024,15,3,2,1,0,0,
CNG,5,1,CNG +/+,9/10/2024,17,2,0,2,0,0,
CNG,5,1,CNG +/+,9/13/2024,20,4,0,4,0,0,
CNG,5,1,CNG +/+,9/15/2024,22,,,,,,
CNG,5,1,CNG +/+,9/17/2024,24,,,,,,
CNG,5,1,CNG +/+,9/20/2024,27,55,0,55,0,0,
CNG,5,1,CNG +/+,9/23/2024,30,87,0,86,2,1,
CNG,5,3,CNG +/+,9/8/2024,15,2,0,2,0,0,
CNG,5,3,CNG +/+,9/10/2024,17,1,0,1,0,0,
CNG,5,3,CNG +/+,9/13/2024,20,0,0,0,0,0,
CNG,5,3,CNG +/+,9/15/2024,22,0,0,0,0,0,
CNG,5,3,CNG +/+,9/17/2024,24,0,0,0,0,0,
CNG,5,3,CNG +/+,9/20/2024,27,,,,,,
CNG,5,3,CNG +/+,9/23/2024,30,,,,,,
CNG,1,2,CNG D52I2/D52I2,3/30/2024,20,1,1,0,0,0,
CNG,1,2,CNG D52I2/D52I2,4/1/2024,22,2,1,1,0,0,
CNG,1,2,CNG D52I2/D52I2,4/3/2024,24,55,1,54,0,0,
CNG,1,2,CNG D52I2/D52I2,4/4/2024,25,1,0,1,0,0,
CNG,1,2,CNG D52I2/D52I2,4/6/2024,27,96,1,89,2,6,
CNG,1,2,CNG D52I2/D52I2,4/11/2024,30,124,0,121,1,3,
CNG,2,4,CNG D52I2/D52I2,4/4/2024,18,0,0,0,0,0,
CNG,2,4,CNG D52I2/D52I2,4/6/2024,20,2,,,,,
CNG,2,4,CNG D52I2/D52I2,4/8/2024,22,109,0,108,1,1,
CNG,2,4,CNG D52I2/D52I2,4/11/2024,25,56,0,55,0,1,
CNG,2,4,CNG D52I2/D52I2,4/13/2024,27,195,0,193,0,2,
CNG,2,4,CNG D52I2/D52I2,4/18/2024,30,30,0,26,0,4,
CNG,3,2,CNG D52I2/D52I2,4/18/2024,14,0,0,0,0,0,
CNG,3,2,CNG D52I2/D52I2,4/20/2024,16,0,0,0,0,0,
CNG,3,2,CNG D52I2/D52I2,4/22/2024,18,0,0,0,0,0,
CNG,3,2,CNG D52I2/D52I2,4/24/2024,20,0,0,0,0,0,
CNG,3,2,CNG D52I2/D52I2,4/26/2024,22,8,,,,,
CNG,3,2,CNG D52I2/D52I2,4/29/2024,25,4,,,,,
CNG,3,2,CNG D52I2/D52I2,5/1/2024,27,10,,,,,
CNG,3,2,CNG D52I2/D52I2,5/6/2024,30,1,,,,,
CNG,4,3,CNG D52I2/D52I2,4/18/2024,14,0,0,0,0,0,
CNG,4,3,CNG D52I2/D52I2,4/20/2024,16,0,0,0,0,0,
CNG,4,3,CNG D52I2/D52I2,4/22/2024,18,0,0,0,0,0,
CNG,4,3,CNG D52I2/D52I2,4/24/2024,20,0,0,0,0,0,
CNG,4,3,CNG D52I2/D52I2,4/26/2024,22,1,,,,,
CNG,4,3,CNG D52I2/D52I2,4/29/2024,25,0,0,0,0,0,
CNG,4,3,CNG D52I2/D52I2,5/1/2024,27,16,,,,,
CNG,5,2,CNG D52I2/D52I2,9/8/2024,15,,,,,,
CNG,5,2,CNG D52I2/D52I2,9/10/2024,17,3,1,2,0,0,
CNG,5,2,CNG D52I2/D52I2,9/13/2024,20,0,0,0,0,0,
CNG,5,2,CNG D52I2/D52I2,9/15/2024,22,2,0,2,0,0,
CNG,5,2,CNG D52I2/D52I2,9/17/2024,24,0,0,0,0,0,
CNG,5,2,CNG D52I2/D52I2,9/20/2024,27,49,0,46,2,3,
CNG,5,2,CNG D52I2/D52I2,9/23/2024,30,1,0,1,0,0,
CNG,5,4,CNG D52I2/D52I2,9/8/2024,15,2,2,0,0,0,
CNG,5,4,CNG D52I2/D52I2,9/10/2024,17,0,0,0,0,0,
CNG,5,4,CNG D52I2/D52I2,9/13/2024,20,1,1,0,0,0,
CNG,5,4,CNG D52I2/D52I2,9/15/2024,22,,,,,,
CNG,5,4,CNG D52I2/D52I2,9/17/2024,24,,,,,,
CNG,5,4,CNG D52I2/D52I2,9/20/2024,27,,,,,,
CNG,5,4,CNG D52I2/D52I2,9/23/2024,30,,,,,,
CNG,5,6,CNG D52I2/D52I2,9/8/2024,15,,,,,,
CNG,5,6,CNG D52I2/D52I2,9/10/2024,17,,,,,,
CNG,5,6,CNG D52I2/D52I2,9/13/2024,20,1,0,1,0,0,
CNG,5,6,CNG D52I2/D52I2,9/15/2024,22,2,0,2,0,0,
CNG,5,6,CNG D52I2/D52I2,9/17/2024,24,4,0,4,0,0,
CNG,5,6,CNG D52I2/D52I2,9/20/2024,27,58,0,58,0,0,
CNG,5,6,CNG D52I2/D52I2,9/23/2024,30,23,0,23,0,0,
ARD,7,1,Het,9/25/2024,15,0,,,,,
ARD,7,2,Het,9/25/2024,15,0,,,,,
ARD,7,3,Het,9/25/2024,15,0,,,,,
ARD,7,4,Homo,9/25/2024,15,0,,,,,
ARD,7,1,Het,9/27/2024,17,5,,,,,
ARD,7,2,Het,9/27/2024,17,80,,,,,
ARD,7,3,Het,9/27/2024,17,66,,,,,
ARD,7,4,Homo,9/27/2024,17,11,,,,,
ARD,7,1,Het,9/30/2024,20,79,,,,,
ARD,7,2,Het,9/30/2024,20,119,,,,,
ARD,7,3,Het,9/30/2024,20,76,,,,,
ARD,7,4,Homo,9/30/2024,20,196,,,,,
ARD,7,1,Het,10/2/2024,22,9,,,,,
ARD,7,2,Het,10/2/2024,22,6,,,,,
ARD,7,3,Het,10/2/2024,22,1,,,,,
ARD,7,4,Homo,10/2/2024,22,22,,,,,
ARD,7,1,Het,10/4/2024,24,41,,,,,
ARD,7,2,Het,10/4/2024,24,42,,,,,
ARD,7,3,Het,10/4/2024,24,8,,,,,
ARD,7,4,Homo,10/4/2024,24,108,,,,,
ARD,7,1,Het,10/7/2024,27,40,,,,,
ARD,7,2,Het,10/7/2024,27,47,,,,,
ARD,7,3,Het,10/7/2024,27,3,,,,,
ARD,7,4,Homo,10/7/2024,27,63,,,,,
ARD,7,1,Het,10/10/2024,30,68,,,,,
ARD,7,2,Het,10/10/2024,30,55,,,,,
ARD,7,3,Het,10/10/2024,30,24,,,,,
ARD,7,4,Homo,10/10/2024,30,120,,,,,
ARD,3,1,Het,7/12/2024,15,2,,,,,
ARD,3,2,Homo,7/12/2024,15,0,,,,,
ARD,3,3,Homo,7/12/2024,15,0,,,,,
ARD,3,1,Het,7/14/2024,17,,,,,,
ARD,3,2,Homo,7/14/2024,17,7,,,,,
ARD,3,3,Homo,7/14/2024,17,20,,,,,
ARD,3,1,Het,7/17/2024,20,,,,,,
ARD,3,2,Homo,7/17/2024,20,,,,,,
ARD,3,3,Homo,7/17/2024,20,83,,,,,
ARD,3,1,Het,7/19/2024,22,,,,,,
ARD,3,2,Homo,7/19/2024,22,,,,,,
ARD,3,3,Homo,7/19/2024,22,70,,,,,
ARD,3,1,Het,7/21/2024,24,,,,,,
ARD,3,2,Homo,7/21/2024,24,,,,,,
ARD,3,3,Homo,7/21/2024,24,37,,,,,
ARD,4,1,Het,7/29/2024,17,1,,,,,
ARD,4,2,Homo,7/29/2024,17,67,,,,,
ARD,4,1,Het,8/3/2024,22,,,,,,
ARD,4,2,Homo,8/3/2024,22,0,,,,,
ARD,4,1,Het,8/5/2024,24,,,,,,
ARD,4,2,Homo,8/5/2024,24,0,,,,,
ARD,4,1,Het,8/7/2024,26,,,,,,
ARD,4,2,Homo,8/7/2024,26,64,,,,,
ARD,6,1,Homo,8/26/2024,15,0,,,,,
ARD,6,2,Homo,8/26/2024,15,0,,,,,
ARD,6,1,Homo,8/28/2024,17,0,,,,,
ARD,6,2,Homo,8/28/2024,17,0,,,,,
